{"train_step_acc": 0.9774537570714951, "train_step_acc_hard": 0.9465727637290955, "train_step_acc_easy": 0.9884930612325669, "train_acc": 0.9127, "train_loss": 0.026288436501254182, "valid_step_acc": 0.8275747332572937, "valid_step_acc_hard": 0.6577800023376942, "valid_step_acc_easy": 0.8905475981235504, "valid_acc": 0.4922, "valid_loss": 0.331510658964701, "lr": 5e-06, "_timestamp": 1673093038.698026, "_runtime": 67123.56966996193, "_step": 46, "_wandb": {"runtime": 67169}}